"Date","Price","Open","High","Low","Vol.","Change %"
"02/25/2024","18,302.91","17,970.21","18,333.26","17,840.36","","2.04%"
"02/18/2024","17,937.61","17,591.79","18,090.77","17,319.45","","1.42%"
"02/11/2024","17,685.98","17,943.32","18,041.19","17,478.35","","-1.54%"
"02/04/2024","17,962.40","17,634.69","17,987.82","17,470.37","","1.81%"
"01/28/2024","17,642.73","17,437.41","17,681.54","17,128.74","","1.27%"
"01/21/2024","17,421.01","17,402.57","17,665.18","17,286.65","","0.62%"
"01/14/2024","17,314.01","16,774.70","17,314.79","16,562.31","","2.86%"
"01/07/2024","16,832.92","16,352.01","16,899.97","16,349.83","","3.23%"
"12/31/2023","16,305.98","16,669.41","16,683.40","16,249.60","","-3.09%"
"12/24/2023","16,825.93","16,816.78","16,968.14","16,758.21","","0.29%"
"12/17/2023","16,777.40","16,631.11","16,860.22","16,553.98","","0.93%"
"12/10/2023","16,623.45","16,066.99","16,669.69","16,064.37","","3.35%"
"12/03/2023","16,084.69","15,837.12","16,100.68","15,695.58","","0.54%"
"11/26/2023","15,997.58","15,971.05","16,166.18","15,825.83","","0.11%"
"11/19/2023","15,980.11","15,846.14","16,118.43","15,846.14","","0.90%"
"11/12/2023","15,837.99","15,470.03","15,904.36","15,405.50","","1.99%"
"11/05/2023","15,529.12","15,139.15","15,534.81","15,065.14","","2.85%"
"10/29/2023","15,099.49","14,282.11","15,149.71","14,225.94","","6.48%"
"10/22/2023","14,180.42","14,515.34","14,774.16","14,058.33","","-2.61%"
"10/15/2023","14,560.88","15,054.48","15,209.41","14,552.31","","-2.90%"
"10/08/2023","14,995.12","14,872.03","15,333.98","14,816.38","","0.15%"
"10/01/2023","14,973.24","14,716.83","15,021.38","14,504.51","","1.75%"
"09/24/2023","14,715.24","14,662.69","14,900.66","14,432.87","","0.10%"
"09/17/2023","14,701.10","15,160.01","15,268.84","14,687.01","","-3.30%"
"09/10/2023","15,202.40","15,408.55","15,512.74","15,174.13","","-0.51%"
"09/03/2023","15,280.23","15,460.03","15,556.52","15,138.73","","-1.36%"
"08/27/2023","15,490.86","15,034.95","15,618.04","14,948.92","","3.67%"
"08/20/2023","14,941.83","14,765.12","15,279.24","14,716.77","","1.68%"
"08/13/2023","14,694.84","14,989.53","15,205.58","14,558.71","","-2.22%"
"08/06/2023","15,028.07","15,354.45","15,410.59","14,973.82","","-1.62%"
"07/30/2023","15,274.92","15,774.30","15,803.13","15,259.07","771.89M","-3.02%"
"07/23/2023","15,750.93","15,475.15","15,795.51","15,374.66","1.31B","2.11%"
"07/16/2023","15,425.67","15,608.28","15,932.05","15,410.57","1.90B","-0.90%"
"07/09/2023","15,565.60","15,031.95","15,720.06","14,924.64","1.29B","3.52%"
"07/02/2023","15,036.85","15,190.54","15,275.18","14,969.14","856.51M","-0.94%"
"06/25/2023","15,179.21","14,866.66","15,213.75","14,687.02","1.33B","1.93%"
"06/18/2023","14,891.48","15,036.48","15,127.42","14,794.95","1.26B","-1.28%"
"06/11/2023","15,083.92","14,617.35","15,284.65","14,571.36","1.96B","3.82%"
"06/04/2023","14,528.36","14,550.13","14,672.85","14,283.88","1.35B","-0.13%"
"05/28/2023","14,546.64","14,465.59","14,595.81","14,216.16","1.51B","1.74%"
"05/21/2023","14,298.41","13,805.33","14,329.49","13,520.92","1.41B","3.59%"
"05/14/2023","13,803.49","13,352.26","13,874.42","13,297.85","1.21B","3.47%"
"05/07/2023","13,340.17","13,247.09","13,427.42","13,193.08","1.20B","0.61%"
"04/30/2023","13,259.13","13,229.11","13,291.11","12,938.45","1.23B","0.10%"
"04/23/2023","13,245.99","12,981.71","13,247.39","12,724.24","1.37B","1.89%"
"04/16/2023","13,000.77","13,053.26","13,196.18","12,899.64","1.09B","-0.60%"
"04/09/2023","13,079.52","12,936.52","13,152.28","12,833.31","1.08B","0.13%"
"04/02/2023","13,062.60","13,084.10","13,204.08","12,846.03","951.62M","-0.90%"
"03/26/2023","13,181.35","12,797.90","13,188.83","12,517.87","1.24B","3.25%"
"03/19/2023","12,767.05","12,487.79","12,943.62","12,407.82","1.43B","1.97%"
"03/12/2023","12,519.88","11,752.10","12,674.34","11,695.41","2.08B","5.83%"
"03/05/2023","11,830.28","12,344.65","12,466.88","11,789.86","1.32B","-3.75%"
"02/26/2023","12,290.81","12,106.79","12,300.46","11,830.09","1.32B","2.68%"
"02/19/2023","11,969.65","12,205.21","12,257.06","11,900.84","1.11B","-3.14%"
"02/12/2023","12,358.18","12,356.50","12,689.34","12,233.79","1.34B","0.43%"
"02/05/2023","12,304.92","12,468.81","12,771.58","12,204.22","1.46B","-2.13%"
"01/29/2023","12,573.36","12,047.16","12,880.98","11,906.11","1.70B","3.34%"
"01/22/2023","12,166.60","11,652.00","12,248.15","11,550.07","1.38B","4.71%"
"01/15/2023","11,619.03","11,531.55","11,690.27","11,251.94","1.14B","0.67%"
"01/08/2023","11,541.48","11,133.07","11,547.96","11,050.68","1.28B","4.54%"
"01/01/2023","11,040.35","11,038.42","11,093.10","10,696.42","1.18B","0.92%"
"12/25/2022","10,939.76","10,944.30","10,981.06","10,671.19","886.80M","-0.42%"
"12/18/2022","10,985.45","11,243.00","11,285.77","10,784.01","1.29B","-2.30%"
"12/11/2022","11,243.72","11,572.26","12,166.41","11,175.54","2.08B","-2.76%"
"12/04/2022","11,563.33","11,899.54","11,957.35","11,431.96","1.17B","-3.59%"
"11/27/2022","11,994.26","11,684.07","12,115.34","11,450.34","1.42B","2.03%"
"11/20/2022","11,756.03","11,623.35","11,866.42","11,503.34","720.09M","0.68%"
"11/13/2022","11,677.02","11,728.11","12,024.95","11,519.38","1.30B","-1.18%"
"11/06/2022","11,817.01","10,900.83","11,840.07","10,790.35","1.60B","8.84%"
"10/30/2022","10,857.03","11,465.21","11,574.39","10,632.39","1.57B","-5.97%"
"10/23/2022","11,546.21","11,321.11","11,681.85","11,166.49","1.59B","2.09%"
"10/16/2022","11,310.33","10,967.25","11,374.38","10,959.75","1.33B","5.78%"
"10/09/2022","10,692.06","11,048.51","11,152.89","10,440.64","1.42B","-3.15%"
"10/02/2022","11,039.47","11,059.17","11,660.55","10,985.01","1.34B","0.62%"
"09/25/2022","10,971.22","11,283.14","11,546.87","10,966.95","1.41B","-3.01%"
"09/18/2022","11,311.24","11,753.60","12,062.52","11,169.66","1.25B","-4.64%"
"09/11/2022","11,861.38","12,649.23","12,752.83","11,710.25","1.87B","-5.77%"
"09/04/2022","12,588.29","12,106.57","12,610.43","11,928.81","941.72M","4.05%"
"08/28/2022","12,098.44","12,488.46","12,594.34","12,012.98","1.29B","-4.02%"
"08/21/2022","12,605.17","13,056.39","13,175.25","12,603.41","1.10B","-4.82%"
"08/14/2022","13,242.90","13,529.66","13,720.91","13,210.82","982.54M","-2.38%"
"08/07/2022","13,565.87","13,227.09","13,565.87","12,945.60","1.08B","2.71%"
"07/31/2022","13,207.69","12,877.04","13,326.72","12,809.01","1.16B","2.01%"
"07/24/2022","12,947.98","12,391.21","12,986.64","12,051.21","1.32B","4.45%"
"07/17/2022","12,396.47","12,089.68","12,662.86","11,836.52","1.20B","3.45%"
"07/10/2022","11,983.62","12,008.76","12,026.06","11,488.27","1.08B","-1.17%"
"07/03/2022","12,125.69","11,419.34","12,179.32","11,366.07","851.83M","4.66%"
"06/26/2022","11,585.68","12,157.93","12,175.98","11,322.86","1.17B","-4.30%"
"06/19/2022","12,105.85","11,446.99","12,112.82","11,423.20","1.18B","7.45%"
"06/12/2022","11,265.99","11,472.19","11,751.30","11,037.21","1.84B","-4.79%"
"06/05/2022","11,832.82","12,745.89","12,804.46","11,825.35","1.10B","-5.70%"
"05/29/2022","12,548.02","12,688.95","12,897.63","12,447.77","1.08B","-1.05%"
"05/22/2022","12,681.42","11,867.08","12,682.58","11,576.11","1.18B","7.15%"
"05/15/2022","11,835.62","12,297.07","12,572.99","11,492.29","1.30B","-4.45%"
"05/08/2022","12,387.40","12,465.91","12,542.32","11,692.12","1.52B","-2.41%"
"05/01/2022","12,693.53","12,864.83","13,556.67","12,522.77","1.36B","-1.25%"
"04/24/2022","12,854.80","13,275.41","13,542.56","12,835.48","1.37B","-3.76%"
"04/17/2022","13,356.87","13,859.47","14,277.21","13,342.79","1.06B","-3.86%"
"04/10/2022","13,893.22","14,149.60","14,264.74","13,882.75","818.25M","-3.03%"
"04/03/2022","14,327.26","14,903.38","15,161.89","14,307.68","1.04B","-3.59%"
"03/27/2022","14,861.21","14,763.16","15,265.42","14,705.92","1.12B","0.72%"
"03/20/2022","14,754.31","14,377.15","14,805.88","14,190.53","1.12B","2.32%"
"03/13/2022","14,420.08","13,248.09","14,427.47","13,020.40","1.69B","8.41%"
"03/06/2022","13,301.83","13,853.53","13,879.10","13,129.40","1.35B","-3.87%"
"02/27/2022","13,837.83","14,058.61","14,342.56","13,738.61","1.28B","-2.48%"
"02/20/2022","14,189.16","13,892.81","14,193.00","13,065.44","1.13B","1.28%"
"02/13/2022","14,009.54","14,233.40","14,647.79","13,918.76","1.16B","-1.71%"
"02/06/2022","14,253.84","14,716.43","15,057.90","14,194.54","1.18B","-3.00%"
"01/30/2022","14,694.35","14,505.07","15,196.40","14,442.88","1.39B","1.66%"
"01/23/2022","14,454.61","14,160.91","14,646.54","13,724.85","1.60B","0.11%"
"01/16/2022","14,438.40","15,378.06","15,446.30","14,432.64","1.15B","-7.51%"
"01/09/2022","15,611.59","15,383.18","16,017.39","15,165.53","1.12B","0.12%"
"01/02/2022","15,592.19","16,395.51","16,513.87","15,526.80","1.14B","-4.46%"
"12/26/2021","16,320.08","16,361.07","16,607.19","16,317.26","694.68M","0.07%"
"12/19/2021","16,308.21","15,566.83","16,360.75","15,508.74","753.21M","3.21%"
"12/12/2021","15,801.46","16,317.90","16,340.53","15,664.10","1.59B","-3.25%"
"12/05/2021","16,331.98","15,744.91","16,413.28","15,557.78","1.11B","3.95%"
"11/28/2021","15,712.04","16,263.43","16,454.56","15,543.31","1.43B","-1.96%"
"11/21/2021","16,025.58","16,644.77","16,764.85","15,988.95","815.00M","-3.31%"
"11/14/2021","16,573.34","16,227.01","16,625.86","16,096.37","986.03M","2.31%"
"11/07/2021","16,199.89","16,351.49","16,401.93","15,905.28","888.22M","-0.97%"
"10/31/2021","16,359.38","15,879.61","16,454.48","15,785.31","980.24M","3.21%"
"10/24/2021","15,850.47","15,417.25","15,856.90","15,338.49","963.88M","3.23%"
"10/17/2021","15,355.07","15,091.58","15,497.58","15,074.71","766.66M","1.37%"
"10/10/2021","15,146.92","14,765.69","15,150.14","14,636.33","842.62M","2.20%"
"10/03/2021","14,820.75","14,713.60","15,010.32","14,384.93","886.76M","0.20%"
"09/26/2021","14,791.87","15,205.23","15,240.58","14,555.12","973.54M","-3.51%"
"09/19/2021","15,329.68","15,068.65","15,356.92","14,821.03","828.22M","-0.02%"
"09/12/2021","15,333.47","15,545.66","15,562.28","15,291.04","1.15B","-0.69%"
"09/05/2021","15,440.75","15,662.30","15,701.40","15,433.43","627.56M","-1.36%"
"08/29/2021","15,652.86","15,460.93","15,696.42","15,459.74","797.17M","1.42%"
"08/22/2021","15,432.95","15,140.14","15,447.03","15,140.14","776.08M","2.26%"
"08/15/2021","15,092.57","15,090.05","15,142.03","14,773.19","832.24M","-0.29%"
"08/08/2021","15,136.68","15,136.14","15,169.45","14,956.25","718.38M","0.18%"
"08/01/2021","15,109.36","15,046.10","15,184.27","14,864.53","823.25M","1.00%"
"07/25/2021","14,959.90","15,088.28","15,142.35","14,787.80","957.73M","-1.01%"
"07/18/2021","15,111.79","14,517.96","15,125.84","14,455.07","940.28M","2.93%"
"07/11/2021","14,681.38","14,878.71","15,002.28","14,667.10","762.13M","-0.98%"
"07/04/2021","14,826.09","14,755.15","14,891.19","14,551.76","655.67M","0.67%"
"06/27/2021","14,727.63","14,401.63","14,738.14","14,400.59","757.66M","2.67%"
"06/20/2021","14,345.18","14,055.03","14,429.14","13,967.89","836.58M","2.10%"
"06/13/2021","14,049.58","14,002.14","14,205.43","13,843.60","1.06B","0.37%"
"06/06/2021","13,998.30","13,744.15","13,998.65","13,710.11","771.76M","1.65%"
"05/30/2021","13,770.77","13,764.27","13,784.77","13,469.85","615.30M","0.62%"
"05/23/2021","13,686.51","13,504.39","13,765.80","13,500.12","934.75M","2.05%"
"05/16/2021","13,411.74","13,329.86","13,573.84","12,994.35","879.27M","0.14%"
"05/09/2021","13,393.11","13,647.73","13,648.49","12,967.18","1.02B","-2.38%"
"05/02/2021","13,719.63","13,923.04","13,955.00","13,396.11","932.24M","-1.02%"
"04/25/2021","13,860.76","13,954.94","14,073.48","13,836.10","936.86M","-0.58%"
"04/18/2021","13,941.44","13,970.83","14,025.64","13,716.76","850.56M","-0.72%"
"04/11/2021","14,041.91","13,792.74","14,050.38","13,747.63","877.19M","1.42%"
"04/04/2021","13,845.06","13,434.04","13,849.31","13,420.81","810.99M","3.87%"
"03/28/2021","13,329.51","12,950.51","13,333.41","12,798.03","807.34M","2.70%"
"03/21/2021","12,979.12","12,943.14","13,180.66","12,627.92","1.09B","0.87%"
"03/14/2021","12,866.99","12,936.13","13,297.48","12,704.07","1.39B","-0.54%"
"03/07/2021","12,937.29","12,629.56","13,117.86","12,287.57","1.14B","2.12%"
"02/28/2021","12,668.51","13,106.02","13,301.62","12,208.39","1.24B","-1.87%"
"02/21/2021","12,909.44","13,414.04","13,447.37","12,758.12","1.27B","-4.94%"
"02/14/2021","13,580.78","13,841.03","13,879.77","13,477.17","694.83M","-1.64%"
"02/07/2021","13,807.70","13,672.33","13,816.25","13,531.93","803.05M","1.50%"
"01/31/2021","13,603.96","13,067.65","13,642.96","12,983.10","939.98M","5.25%"
"01/24/2021","12,925.38","13,515.63","13,563.70","12,845.43","1.28B","-3.30%"
"01/17/2021","13,366.40","12,921.61","13,433.69","12,861.30","798.70M","4.39%"
"01/10/2021","12,803.93","12,961.50","13,037.05","12,758.10","1.03B","-2.30%"
"01/03/2021","13,105.20","12,950.22","13,113.09","12,537.42","1.10B","1.68%"
"12/27/2020","12,888.28","12,813.97","12,925.53","12,747.05","596.03M","1.39%"
"12/20/2020","12,711.01","12,575.60","12,761.23","12,474.03","611.70M","-0.21%"
"12/13/2020","12,738.18","12,427.86","12,793.47","12,426.25","1.45B","2.93%"
"12/06/2020","12,375.41","12,523.57","12,651.35","12,226.13","918.90M","-1.22%"
"11/29/2020","12,528.48","12,278.78","12,538.92","12,090.93","1.11B","2.20%"
"11/22/2020","12,258.21","11,959.89","12,306.71","11,817.53","667.16M","2.95%"
"11/15/2020","11,906.44","11,925.36","12,047.13","11,842.67","980.97M","-0.26%"
"11/08/2020","11,937.84","12,194.71","12,268.66","11,512.46","1.12B","-1.27%"
"11/01/2020","12,091.35","11,152.48","12,117.04","10,957.11","1.04B","9.39%"
"10/25/2020","11,052.95","11,584.17","11,708.08","10,960.02","1.09B","-5.47%"
"10/18/2020","11,692.57","11,913.01","11,962.47","11,529.73","821.08M","-1.35%"
"10/11/2020","11,852.17","11,900.12","12,204.75","11,765.49","963.47M","1.08%"
"10/04/2020","11,725.85","11,345.24","11,727.60","11,256.26","857.22M","4.18%"
"09/27/2020","11,255.69","11,332.32","11,606.73","11,225.17","1.04B","0.94%"
"09/20/2020","11,151.13","10,768.01","11,207.08","10,677.85","1.17B","1.96%"
"09/13/2020","10,936.98","11,250.80","11,495.40","10,769.40","1.48B","-1.36%"
"09/06/2020","11,087.40","11,143.91","11,566.34","10,945.22","1.08B","-4.60%"
"08/30/2020","11,622.13","12,017.46","12,439.48","11,145.99","1.52B","-3.12%"
"08/23/2020","11,995.85","11,703.34","12,047.99","11,535.55","862.75M","3.81%"
"08/16/2020","11,555.16","11,231.97","11,574.79","11,228.14","820.26M","3.50%"
"08/09/2020","11,164.45","11,153.51","11,271.22","10,855.06","854.47M","0.22%"
"08/02/2020","11,139.39","11,018.02","11,282.24","10,997.67","874.96M","2.14%"
"07/26/2020","10,905.88","10,547.11","10,908.34","10,527.43","995.27M","4.03%"
"07/19/2020","10,483.13","10,672.96","11,017.43","10,313.94","998.67M","-1.52%"
"07/12/2020","10,645.22","10,951.54","11,069.26","10,370.79","945.53M","-1.76%"
"07/05/2020","10,836.33","10,487.70","10,842.78","10,485.82","844.61M","4.78%"
"06/28/2020","10,341.89","9,850.55","10,432.55","9,742.89","741.54M","5.00%"
"06/21/2020","9,849.36","10,009.00","10,306.90","9,837.74","1.18B","-1.59%"
"06/14/2020","10,008.64","9,517.14","10,121.67","9,489.58","1.32B","3.57%"
"06/07/2020","9,663.77","9,805.69","10,155.20","9,499.09","1.17B","-1.63%"
"05/31/2020","9,824.39","9,526.43","9,846.63","9,511.88","1.04B","2.81%"
"05/24/2020","9,555.52","9,570.53","9,573.55","9,182.45","1.01B","1.50%"
"05/17/2020","9,413.99","9,281.35","9,515.05","9,248.78","921.05M","2.86%"
"05/10/2020","9,152.64","9,155.21","9,354.45","8,860.77","1.06B","-0.73%"
"05/03/2020","9,220.35","8,683.94","9,224.49","8,665.40","869.15M","5.76%"
"04/26/2020","8,718.18","8,865.58","9,025.82","8,668.67","1.14B","-0.78%"
"04/19/2020","8,786.60","8,742.54","8,855.18","8,359.84","1.05B","-0.52%"
"04/12/2020","8,832.41","8,209.68","8,879.24","8,158.58","1.18B","7.21%"
"04/05/2020","8,238.53","7,819.06","8,334.23","7,763.09","1.09B","9.44%"
"03/29/2020","7,528.11","7,678.83","8,011.60","7,423.97","1.30B","-0.79%"
"03/22/2020","7,588.37","6,952.71","7,913.11","6,771.91","1.72B","8.49%"
"03/15/2020","6,994.29","7,502.26","7,563.45","6,837.53","2.16B","-12.52%"
"03/08/2020","7,995.26","7,912.14","8,376.44","7,255.61","1.91B","-6.27%"
"03/01/2020","8,530.34","8,569.91","9,000.46","8,319.90","1.53B","0.81%"
"02/23/2020","8,461.83","9,055.30","9,194.91","8,133.85","1.63B","-10.43%"
"02/16/2020","9,446.69","9,567.27","9,736.57","9,406.38","662.19M","-1.84%"
"02/09/2020","9,623.58","9,373.20","9,636.41","9,373.20","780.58M","2.37%"
"02/02/2020","9,401.10","9,033.52","9,453.24","9,031.07","896.13M","4.56%"
"01/26/2020","8,991.51","8,913.16","9,170.22","8,910.97","923.52M","-1.64%"
"01/19/2020","9,141.47","9,145.64","9,272.37","9,101.44","700.84M","-0.35%"
"01/12/2020","9,173.73","9,007.94","9,176.47","8,991.35","775.57M","2.31%"
"01/05/2020","8,966.64","8,713.89","9,024.87","8,713.89","743.27M","1.96%"
"12/29/2019","8,793.90","8,766.39","8,873.63","8,671.92","514.18M","0.26%"
"12/22/2019","8,770.98","8,703.06","8,811.10","8,684.12","375.03M","1.07%"
"12/15/2019","8,678.49","8,544.26","8,687.66","8,542.42","1.13B","2.25%"
"12/08/2019","8,487.71","8,388.75","8,517.52","8,339.37","755.19M","1.08%"
"12/01/2019","8,397.37","8,409.87","8,409.87","8,167.35","697.90M","-0.08%"
"11/24/2019","8,403.68","8,309.55","8,445.60","8,309.55","582.64M","1.59%"
"11/17/2019","8,272.05","8,303.22","8,357.80","8,226.25","849.65M","-0.52%"
"11/10/2019","8,315.52","8,212.37","8,315.90","8,202.36","695.27M","0.72%"
"11/03/2019","8,255.89","8,218.93","8,271.82","8,157.36","751.01M","1.16%"
"10/27/2019","8,161.17","8,071.39","8,161.98","8,017.92","760.19M","1.64%"
"10/20/2019","8,029.22","7,911.58","8,033.29","7,845.09","717.76M","2.04%"
"10/13/2019","7,868.49","7,834.74","7,981.14","7,827.16","673.44M","0.31%"
"10/06/2019","7,843.88","7,725.68","7,904.05","7,603.76","704.42M","1.16%"
"09/29/2019","7,754.10","7,705.97","7,821.73","7,463.57","770.42M","0.94%"
"09/22/2019","7,681.58","7,815.23","7,873.25","7,626.82","815.37M","-1.81%"
"09/15/2019","7,823.55","7,833.73","7,950.21","7,791.58","969.67M","-0.88%"
"09/08/2019","7,892.95","7,876.40","7,975.33","7,743.61","819.23M","0.51%"
"09/01/2019","7,852.54","7,634.03","7,879.97","7,584.82","615.62M","2.10%"
"08/25/2019","7,691.00","7,540.69","7,747.08","7,500.22","717.54M","3.03%"
"08/18/2019","7,464.99","7,715.41","7,764.79","7,442.93","770.69M","-1.83%"
"08/11/2019","7,604.11","7,597.19","7,778.34","7,429.36","955.50M","-0.55%"
"08/04/2019","7,646.27","7,510.02","7,726.46","7,356.27","1.04B","-0.60%"
"07/28/2019","7,692.80","8,010.05","8,010.05","7,645.18","978.42M","-4.04%"
"07/21/2019","8,016.95","7,862.38","8,027.18","7,862.27","799.68M","2.32%"
"07/14/2019","7,834.90","7,961.07","7,969.79","7,827.49","767.71M","-1.36%"
"07/07/2019","7,943.24","7,790.46","7,944.08","7,748.23","783.87M","1.30%"
"06/30/2019","7,841.30","7,816.56","7,857.69","7,735.67","558.90M","2.22%"
"06/23/2019","7,671.07","7,737.01","7,746.68","7,584.16","987.42M","-0.75%"
"06/16/2019","7,728.78","7,500.28","7,772.53","7,492.17","1.07B","3.34%"
"06/09/2019","7,479.11","7,472.60","7,595.57","7,454.87","773.34M","0.83%"
"06/02/2019","7,417.29","7,110.34","7,445.99","6,936.68","994.17M","4.06%"
"05/26/2019","7,127.96","7,321.27","7,362.29","7,125.97","808.67M","-2.37%"
"05/19/2019","7,300.96","7,391.73","7,472.71","7,261.46","892.56M","-2.70%"
"05/12/2019","7,503.68","7,385.55","7,627.03","7,303.64","1.01B","-1.09%"
"05/05/2019","7,586.53","7,662.92","7,804.55","7,426.75","986.04M","-3.30%"
"04/28/2019","7,845.73","7,825.64","7,851.85","7,672.54","877.61M","0.24%"
"04/21/2019","7,826.68","7,658.37","7,851.98","7,653.89","860.49M","1.78%"
"04/14/2019","7,689.72","7,630.60","7,715.07","7,578.54","682.49M","0.81%"
"04/07/2019","7,628.15","7,565.06","7,630.52","7,536.42","699.69M","0.65%"
"03/31/2019","7,578.84","7,450.81","7,589.69","7,422.44","851.11M","2.71%"
"03/24/2019","7,378.77","7,299.93","7,417.26","7,252.06","859.82M","0.72%"
"03/17/2019","7,326.06","7,311.63","7,505.41","7,293.85","1.06B","0.26%"
"03/10/2019","7,306.99","7,050.05","7,331.30","7,049.56","1.20B","4.15%"
"03/03/2019","7,015.69","7,193.88","7,205.94","6,940.72","906.89M","-1.90%"
"02/24/2019","7,151.57","7,144.34","7,161.73","7,045.41","922.55M","0.86%"
"02/17/2019","7,090.62","7,033.37","7,096.15","7,001.80","676.44M","0.50%"
"02/10/2019","7,055.18","6,941.26","7,073.99","6,893.80","894.34M","2.05%"
"02/03/2019","6,913.13","6,876.56","7,034.94","6,836.70","950.19M","0.55%"
"01/27/2019","6,875.52","6,691.84","6,936.34","6,613.42","1.19B","1.30%"
"01/20/2019","6,787.37","6,736.65","6,800.97","6,584.50","920.90M","0.04%"
"01/13/2019","6,784.61","6,536.37","6,816.23","6,512.64","951.79M","2.78%"
"01/06/2019","6,601.40","6,434.55","6,631.06","6,412.98","1.03B","2.78%"
"12/30/2018","6,422.67","6,354.85","6,445.19","6,139.40","954.58M","2.19%"
"12/23/2018","6,285.27","5,994.08","6,388.36","5,895.12","878.68M","3.95%"
"12/16/2018","6,046.56","6,570.99","6,621.63","6,013.98","1.70B","-8.32%"
"12/09/2018","6,594.96","6,603.36","6,867.66","6,534.33","948.45M","-0.28%"
"12/02/2018","6,613.27","7,106.84","7,106.99","6,594.54","974.15M","-4.83%"
"11/25/2018","6,949.01","6,616.79","6,951.13","6,590.89","1.08B","6.46%"
"11/18/2018","6,527.35","6,832.25","6,841.44","6,442.36","790.56M","-4.95%"
"11/11/2018","6,867.02","6,990.37","6,998.80","6,702.42","1.10B","-2.45%"
"11/04/2018","7,039.15","6,946.15","7,205.96","6,859.80","913.42M","1.06%"
"10/28/2018","6,965.29","6,954.69","7,085.27","6,574.74","1.27B","1.65%"
"10/21/2018","6,852.40","7,146.03","7,193.72","6,743.77","1.19B","-3.59%"
"10/14/2018","7,107.23","7,129.31","7,311.85","7,047.47","918.90M","-0.70%"
"10/07/2018","7,157.21","7,356.54","7,430.36","6,892.89","1.15B","-3.27%"
"09/30/2018","7,399.01","7,673.00","7,700.56","7,327.44","822.64M","-3.00%"
"09/23/2018","7,627.65","7,477.45","7,657.80","7,447.23","828.76M","1.28%"
"09/16/2018","7,531.07","7,522.59","7,603.86","7,427.79","1.14B","-0.19%"
"09/09/2018","7,545.50","7,466.76","7,581.30","7,401.72","790.90M","1.55%"
"09/02/2018","7,430.26","7,629.34","7,643.45","7,400.99","723.80M","-2.93%"
"08/26/2018","7,654.55","7,527.37","7,691.10","7,512.02","696.78M","2.26%"
"08/19/2018","7,485.40","7,393.57","7,489.54","7,343.47","656.32M","1.46%"
"08/12/2018","7,377.54","7,420.18","7,468.82","7,308.52","799.51M","-0.42%"
"08/05/2018","7,408.30","7,390.81","7,498.37","7,381.58","687.13M","0.17%"
"07/29/2018","7,395.49","7,292.72","7,395.49","7,158.78","860.86M","1.35%"
"07/22/2018","7,296.78","7,335.42","7,511.39","7,255.32","868.30M","-0.73%"
"07/15/2018","7,350.23","7,381.03","7,418.43","7,288.30","764.47M","-0.35%"
"07/08/2018","7,375.82","7,251.18","7,387.74","7,220.23","720.23M","2.34%"
"07/01/2018","7,207.33","6,979.54","7,217.00","6,969.16","555.00M","2.37%"
"06/24/2018","7,040.80","7,131.05","7,144.28","6,950.23","944.23M","-2.18%"
"06/17/2018","7,197.51","7,201.18","7,309.99","7,138.02","969.20M","-0.80%"
"06/10/2018","7,255.76","7,149.65","7,291.31","7,146.09","1.08B","1.44%"
"06/03/2018","7,152.62","7,099.50","7,212.45","7,099.09","776.25M","0.97%"
"05/27/2018","7,083.93","6,928.49","7,084.84","6,887.12","750.92M","1.77%"
"05/20/2018","6,960.92","6,920.32","6,982.52","6,846.94","707.00M","1.38%"
"05/13/2018","6,866.25","6,977.35","7,008.26","6,852.73","771.53M","-1.24%"
"05/06/2018","6,952.56","6,803.45","6,969.30","6,770.30","806.38M","2.71%"
"04/29/2018","6,769.12","6,669.44","6,783.36","6,539.86","896.49M","1.69%"
"04/22/2018","6,656.35","6,699.16","6,750.78","6,426.57","911.79M","-0.17%"
"04/15/2018","6,667.75","6,675.92","6,856.96","6,633.08","786.09M","0.59%"
"04/08/2018","6,628.34","6,488.48","6,703.31","6,466.04","787.73M","3.03%"
"04/01/2018","6,433.21","6,528.23","6,632.21","6,322.60","1.02B","-2.25%"
"03/25/2018","6,581.13","6,644.40","6,793.50","6,410.04","958.13M","1.12%"
"03/18/2018","6,508.09","6,945.97","6,949.02","6,507.84","1.02B","-7.29%"
"03/11/2018","7,019.95","7,122.47","7,186.09","7,010.01","1.08B","-1.14%"
"03/04/2018","7,101.18","6,777.63","7,101.31","6,753.83","857.63M","4.26%"
"02/25/2018","6,811.04","6,933.82","7,003.14","6,645.03","983.64M","-1.24%"
"02/18/2018","6,896.60","6,742.15","6,897.53","6,740.48","637.97M","1.86%"
"02/11/2018","6,770.66","6,477.04","6,840.60","6,424.30","957.04M","5.58%"
"02/04/2018","6,412.68","6,687.47","6,807.96","6,164.43","1.44B","-5.14%"
"01/28/2018","6,760.29","7,000.68","7,020.64","6,756.54","1.02B","-3.74%"
"01/21/2018","7,022.97","6,829.55","7,022.97","6,822.85","872.75M","2.76%"
"01/14/2018","6,834.33","6,807.85","6,843.24","6,719.11","720.37M","1.12%"
"01/07/2018","6,758.54","6,651.68","6,763.98","6,619.35","747.63M","1.58%"
"12/31/2017","6,653.29","6,431.59","6,654.98","6,417.75","626.35M","4.02%"
"12/24/2017","6,396.42","6,427.32","6,452.07","6,396.42","393.41M","-1.06%"
"12/17/2017","6,465.17","6,504.89","6,522.70","6,447.93","753.13M","-0.02%"
"12/10/2017","6,466.32","6,351.24","6,470.92","6,347.91","1.07B","1.92%"
"12/03/2017","6,344.57","6,380.68","6,380.77","6,234.22","883.34M","0.11%"
"11/26/2017","6,337.87","6,409.52","6,426.04","6,244.84","988.00M","-1.11%"
"11/19/2017","6,409.29","6,319.57","6,410.77","6,301.88","463.93M","1.50%"
"11/12/2017","6,314.51","6,286.01","6,352.47","6,227.99","753.95M","0.09%"
"11/05/2017","6,309.07","6,292.15","6,346.98","6,248.29","777.11M","0.21%"
"10/29/2017","6,295.58","6,209.80","6,297.62","6,194.58","896.41M","1.32%"
"10/22/2017","6,213.47","6,122.24","6,223.52","6,011.24","854.61M","1.71%"
"10/15/2017","6,108.82","6,108.66","6,129.49","6,051.47","688.65M","0.27%"
"10/08/2017","6,092.45","6,071.96","6,100.06","6,036.72","679.04M","0.46%"
"10/01/2017","6,064.57","5,988.96","6,064.67","5,955.83","634.98M","1.43%"
"09/24/2017","5,979.30","5,904.06","5,980.22","5,839.89","762.42M","0.79%"
"09/17/2017","5,932.32","5,997.51","6,012.95","5,911.48","695.50M","-0.93%"
"09/10/2017","5,988.00","5,962.35","6,009.44","5,957.85","967.25M","1.26%"
"09/03/2017","5,913.37","5,966.64","5,980.91","5,890.25","572.37M","-1.24%"
"08/27/2017","5,987.90","5,839.27","6,009.61","5,785.22","654.81M","2.84%"
"08/20/2017","5,822.53","5,791.04","5,879.00","5,750.50","632.69M","0.55%"
"08/13/2017","5,790.91","5,878.64","5,944.98","5,770.14","742.09M","-0.70%"
"08/06/2017","5,831.53","5,909.45","5,972.93","5,783.36","737.72M","-1.16%"
"07/30/2017","5,899.90","5,928.69","5,936.15","5,859.62","802.43M","-0.15%"
"07/23/2017","5,908.92","5,920.93","5,995.77","5,847.05","835.45M","-0.21%"
"07/16/2017","5,921.52","5,845.82","5,932.61","5,818.20","702.02M","1.43%"
"07/09/2017","5,838.08","5,662.71","5,844.80","5,650.26","677.38M","3.21%"
"07/02/2017","5,656.47","5,680.36","5,684.98","5,579.64","560.13M","0.17%"
"06/25/2017","5,646.92","5,832.31","5,845.15","5,599.44","837.76M","-2.69%"
"06/18/2017","5,803.10","5,729.54","5,810.31","5,724.49","875.72M","2.14%"
"06/11/2017","5,681.48","5,677.16","5,774.19","5,633.34","1.39B","-1.05%"
"06/04/2017","5,741.94","5,881.22","5,897.69","5,657.76","857.17M","-2.37%"
"05/28/2017","5,881.46","5,785.38","5,881.46","5,762.56","666.56M","1.61%"
"05/21/2017","5,788.36","5,662.95","5,793.13","5,661.59","682.12M","2.42%"
"05/14/2017","5,651.56","5,687.97","5,724.71","5,568.47","893.31M","-0.62%"
"05/07/2017","5,686.81","5,649.18","5,691.21","5,637.40","753.09M","0.72%"
"04/30/2017","5,646.09","5,602.44","5,646.09","5,600.31","746.58M","1.12%"
"04/23/2017","5,583.53","5,503.27","5,600.00","5,494.46","816.97M","2.60%"
"04/16/2017","5,442.05","5,369.21","5,455.88","5,367.59","669.28M","1.65%"
"04/09/2017","5,353.59","5,423.57","5,442.71","5,353.59","519.87M","-1.20%"
"04/02/2017","5,418.37","5,440.20","5,479.86","5,400.08","686.33M","-0.33%"
"03/26/2017","5,436.23","5,320.96","5,451.50","5,316.02","647.88M","1.35%"
"03/19/2017","5,363.99","5,406.02","5,439.58","5,327.25","734.45M","-0.83%"
"03/12/2017","5,408.76","5,387.73","5,426.84","5,360.70","924.54M","0.42%"
"03/05/2017","5,385.90","5,352.61","5,394.66","5,336.08","700.31M","0.23%"
"02/26/2017","5,373.48","5,330.56","5,398.43","5,316.70","742.48M","0.56%"
"02/19/2017","5,343.31","5,334.57","5,358.53","5,304.01","583.00M","0.35%"
"02/12/2017","5,324.72","5,242.49","5,324.72","5,238.69","766.27M","1.88%"
"02/05/2017","5,226.69","5,154.18","5,234.27","5,148.06","740.93M","1.26%"
"01/29/2017","5,161.60","5,146.41","5,165.47","5,086.33","778.88M","-0.12%"
"01/22/2017","5,168.06","5,055.97","5,172.43","5,035.49","816.39M","2.07%"
"01/15/2017","5,063.20","5,043.07","5,085.34","5,029.61","593.56M","0.07%"
"01/08/2017","5,059.51","5,013.82","5,066.95","4,995.07","654.51M","1.05%"
"01/01/2017","5,007.08","4,900.85","5,020.70","4,884.52","565.44M","2.95%"
"12/25/2016","4,863.62","4,948.92","4,992.08","4,853.93","425.54M","-1.55%"
"12/18/2016","4,940.02","4,919.16","4,963.00","4,911.75","563.48M","0.51%"
"12/11/2016","4,914.86","4,878.04","4,960.48","4,854.27","1.01B","0.39%"
"12/04/2016","4,895.90","4,762.34","4,897.24","4,743.53","774.22M","3.30%"
"11/27/2016","4,739.37","4,861.73","4,896.57","4,721.41","874.98M","-2.68%"
"11/20/2016","4,870.02","4,822.03","4,884.63","4,819.57","505.26M","1.29%"
"11/13/2016","4,808.04","4,752.61","4,840.81","4,677.41","869.63M","1.18%"
"11/06/2016","4,751.95","4,737.98","4,855.79","4,685.74","1.03B","1.96%"
"10/30/2016","4,660.46","4,821.31","4,823.91","4,647.59","827.09M","-3.02%"
"10/23/2016","4,805.59","4,884.16","4,911.76","4,794.07","756.08M","-0.95%"
"10/16/2016","4,851.86","4,808.47","4,860.68","4,790.45","723.72M","0.90%"
"10/09/2016","4,808.48","4,887.73","4,904.72","4,760.07","696.77M","-1.15%"
"10/02/2016","4,864.52","4,864.63","4,891.50","4,840.93","651.65M","-0.23%"
"09/25/2016","4,875.70","4,830.17","4,889.23","4,811.28","751.68M","0.35%"
"09/18/2016","4,858.91","4,833.84","4,895.50","4,787.44","697.91M","0.85%"
"09/11/2016","4,818.05","4,656.59","4,826.02","4,656.51","1.07B","2.92%"
"09/04/2016","4,681.53","4,806.66","4,839.59","4,681.53","660.28M","-2.44%"
"08/28/2016","4,798.74","4,787.93","4,816.70","4,750.24","615.24M","0.31%"
"08/21/2016","4,783.69","4,797.95","4,836.45","4,758.10","605.30M","-0.47%"
"08/14/2016","4,806.14","4,814.77","4,837.67","4,772.43","624.66M","-0.02%"
"08/07/2016","4,807.08","4,791.10","4,813.36","4,770.22","594.33M","0.33%"
"07/31/2016","4,791.21","4,734.44","4,799.86","4,689.55","732.06M","1.29%"
"07/24/2016","4,730.23","4,662.90","4,743.26","4,648.92","850.86M","1.38%"
"07/17/2016","4,666.07","4,595.06","4,670.54","4,591.83","713.38M","1.66%"
"07/10/2016","4,589.83","4,544.33","4,607.18","4,544.33","740.72M","1.36%"
"07/03/2016","4,528.36","4,414.35","4,529.72","4,375.72","590.78M","2.05%"
"06/26/2016","4,437.44","4,247.71","4,453.86","4,179.73","959.17M","3.54%"
"06/19/2016","4,285.70","4,424.11","4,467.48","4,274.54","977.17M","-2.03%"
"06/12/2016","4,374.38","4,436.11","4,461.27","4,362.16","944.76M","-1.94%"
"06/05/2016","4,461.05","4,517.88","4,536.55","4,447.33","659.05M","-1.08%"
"05/29/2016","4,509.79","4,513.85","4,531.35","4,480.80","724.01M","-0.06%"
"05/22/2016","4,512.54","4,364.73","4,512.54","4,353.36","708.75M","3.43%"
"05/15/2016","4,362.90","4,335.33","4,395.70","4,284.36","826.56M","0.84%"
"05/08/2016","4,326.53","4,331.66","4,407.93","4,312.88","739.11M","-0.08%"
"05/01/2016","4,330.17","4,350.83","4,386.98","4,282.00","792.25M","-0.26%"
"04/24/2016","4,341.30","4,459.67","4,490.06","4,307.10","951.45M","-2.97%"
"04/17/2016","4,474.19","4,535.21","4,574.38","4,440.14","816.48M","-1.52%"
"04/10/2016","4,543.16","4,496.26","4,569.73","4,435.05","757.13M","1.52%"
"04/03/2016","4,474.93","4,526.39","4,544.59","4,459.56","720.30M","-1.26%"
"03/27/2016","4,532.08","4,415.04","4,534.32","4,384.27","705.34M","2.87%"
"03/20/2016","4,405.53","4,403.09","4,450.76","4,374.71","552.73M","-0.12%"
"03/13/2016","4,410.83","4,347.94","4,420.88","4,339.86","1.01B","1.12%"
"03/06/2016","4,361.83","4,303.81","4,361.83","4,232.08","803.48M","0.76%"
"02/28/2016","4,329.00","4,228.57","4,356.34","4,200.15","883.79M","2.20%"
"02/21/2016","4,235.62","4,203.60","4,275.82","4,088.12","769.00M","1.72%"
"02/14/2016","4,164.09","4,077.33","4,212.58","4,049.88","833.29M","3.61%"
"02/07/2016","4,019.19","3,947.99","4,045.48","3,888.78","1.19B","-0.13%"
"01/31/2016","4,024.47","4,254.41","4,301.63","4,008.45","1.16B","-5.95%"
"01/24/2016","4,279.17","4,245.47","4,279.17","4,111.93","1.16B","0.46%"
"01/17/2016","4,259.77","4,199.56","4,260.55","3,992.91","937.57M","2.87%"
"01/10/2016","4,141.08","4,300.97","4,359.50","4,085.79","1.17B","-3.04%"
"01/03/2016","4,270.78","4,485.06","4,522.12","4,264.81","1.03B","-7.02%"
"12/27/2015","4,593.27","4,610.41","4,702.74","4,580.13","393.04M","-0.64%"
"12/20/2015","4,622.77","4,547.92","4,635.59","4,519.82","451.64M","2.39%"
"12/13/2015","4,514.82","4,535.56","4,681.13","4,478.25","1.21B","-0.50%"
"12/06/2015","4,537.56","4,718.55","4,720.82","4,534.05","829.13M","-3.79%"
"11/29/2015","4,716.12","4,692.57","4,739.75","4,579.91","953.09M","0.76%"
"11/22/2015","4,680.47","4,689.98","4,706.62","4,621.63","449.96M","-0.13%"
"11/15/2015","4,686.36","4,494.56","4,691.59","4,486.09","824.34M","4.09%"
"11/08/2015","4,502.14","4,687.35","4,694.27","4,499.15","779.82M","-4.36%"
"11/01/2015","4,707.23","4,658.79","4,737.11","4,652.45","802.98M","1.26%"
"10/25/2015","4,648.83","4,621.14","4,681.23","4,606.66","853.33M","0.54%"
"10/18/2015","4,624.09","4,428.06","4,645.97","4,409.90","930.27M","4.18%"
"10/11/2015","4,438.62","4,378.64","4,438.75","4,328.96","795.76M","1.57%"
"10/04/2015","4,370.01","4,296.54","4,378.26","4,273.70","911.45M","2.40%"
"09/27/2015","4,267.45","4,206.68","4,267.45","4,053.11","1.09B","1.01%"
"09/20/2015","4,224.74","4,343.77","4,372.42","4,198.11","847.00M","-2.29%"
"09/13/2015","4,323.86","4,334.86","4,450.66","4,293.77","1.20B","0.01%"
"09/06/2015","4,323.23","4,267.40","4,352.96","4,242.47","722.15M","3.31%"
"08/30/2015","4,184.72","4,299.88","4,324.73","4,121.83","1.00B","-3.34%"
"08/23/2015","4,329.12","3,847.12","4,340.70","3,787.23","1.59B","3.14%"
"08/16/2015","4,197.27","4,516.88","4,568.59","4,197.27","958.85M","-7.36%"
"08/09/2015","4,530.74","4,558.68","4,583.63","4,436.54","801.91M","0.24%"
"08/02/2015","4,520.08","4,595.26","4,634.70","4,485.50","862.78M","-1.50%"
"07/26/2015","4,588.91","4,530.36","4,616.48","4,506.19","879.95M","0.69%"
"07/19/2015","4,557.38","4,670.23","4,694.13","4,552.40","849.54M","-2.24%"
"07/12/2015","4,661.60","4,457.76","4,661.60","4,456.54","812.86M","5.46%"
"07/05/2015","4,420.15","4,394.44","4,444.41","4,344.15","809.67M","-0.30%"
"06/28/2015","4,433.39","4,433.11","4,460.08","4,377.23","639.80M","-1.13%"
"06/21/2015","4,484.28","4,541.85","4,561.64","4,469.23","842.84M","-0.65%"
"06/14/2015","4,513.42","4,416.14","4,540.69","4,396.13","910.35M","1.34%"
"06/07/2015","4,453.79","4,476.69","4,511.32","4,392.45","704.72M","-0.52%"
"05/31/2015","4,477.19","4,530.03","4,539.35","4,452.32","721.71M","-0.69%"
"05/24/2015","4,508.25","4,516.63","4,551.52","4,456.76","690.63M","-0.42%"
"05/17/2015","4,527.16","4,487.14","4,542.46","4,483.76","720.45M","0.73%"
"05/10/2015","4,494.29","4,457.62","4,509.13","4,380.52","757.82M","0.80%"
"05/03/2015","4,458.65","4,491.19","4,510.47","4,349.93","827.69M","-0.46%"
"04/26/2015","4,479.06","4,548.51","4,562.33","4,395.10","917.06M","-1.27%"
"04/19/2015","4,536.78","4,373.65","4,543.64","4,373.09","834.58M","4.25%"
"04/12/2015","4,351.80","4,428.13","4,448.20","4,333.10","781.50M","-1.59%"
"04/05/2015","4,422.02","4,286.16","4,422.63","4,283.91","743.04M","2.46%"
"03/29/2015","4,316.01","4,359.78","4,384.18","4,284.06","685.30M","-0.39%"
"03/22/2015","4,332.86","4,454.15","4,467.79","4,280.95","879.14M","-2.82%"
"03/15/2015","4,458.54","4,338.29","4,478.69","4,327.27","1.08B","3.33%"
"03/08/2015","4,314.90","4,406.87","4,424.22","4,289.30","794.80M","-1.92%"
"03/01/2015","4,399.23","4,452.80","4,483.97","4,389.82","752.48M","-0.93%"
"02/22/2015","4,440.67","4,441.26","4,464.31","4,428.82","737.35M","-0.05%"
"02/15/2015","4,443.05","4,379.31","4,444.62","4,370.63","589.13M","1.35%"
"02/08/2015","4,384.03","4,209.81","4,384.03","4,206.76","816.58M","3.67%"
"02/01/2015","4,228.68","4,162.19","4,271.28","4,094.73","957.83M","1.93%"
"01/25/2015","4,148.43","4,271.10","4,282.48","4,103.72","1.11B","-3.03%"
"01/18/2015","4,278.14","4,164.43","4,292.88","4,117.15","701.53M","3.28%"
"01/11/2015","4,142.14","4,221.52","4,252.70","4,078.85","1.00B","-1.69%"
"01/04/2015","4,213.28","4,206.55","4,253.97","4,090.33","927.35M","-0.40%"
"12/28/2014","4,230.24","4,309.70","4,321.20","4,206.45","447.01M","-1.94%"
"12/21/2014","4,314.10","4,271.87","4,322.45","4,270.54","471.18M","0.75%"
"12/14/2014","4,281.78","4,224.17","4,300.40","4,089.09","1.29B","1.96%"
"12/07/2014","4,199.28","4,301.27","4,320.08","4,199.28","823.32M","-2.60%"
"11/30/2014","4,311.57","4,323.95","4,332.55","4,274.68","740.39M","-0.60%"
"11/23/2014","4,337.78","4,262.09","4,347.09","4,258.41","551.14M","2.03%"
"11/16/2014","4,251.32","4,215.29","4,285.27","4,194.18","807.44M","0.62%"
"11/09/2014","4,224.99","4,162.59","4,228.68","4,151.48","707.87M","1.55%"
"11/02/2014","4,160.50","4,160.60","4,179.93","4,126.72","794.47M","0.06%"
"10/26/2014","4,158.21","4,031.88","4,170.87","4,019.23","886.53M","2.87%"
"10/19/2014","4,042.02","3,813.59","4,045.19","3,804.97","940.00M","5.94%"
"10/12/2014","3,815.47","3,866.89","3,893.66","3,700.22","1.37B","-1.43%"
"10/05/2014","3,870.86","4,041.40","4,048.79","3,870.86","1.01B","-3.88%"
"09/28/2014","4,027.31","4,009.66","4,070.44","3,934.94","882.81M","-0.65%"
"09/21/2014","4,053.72","4,091.87","4,096.27","4,007.63","868.60M","-1.13%"
"09/14/2014","4,100.09","4,070.20","4,118.91","4,009.98","1.19B","0.76%"
"09/07/2014","4,069.23","4,086.52","4,110.86","4,053.11","780.25M","-0.51%"
"08/31/2014","4,089.92","4,093.12","4,104.43","4,051.75","603.00M","0.18%"
"08/24/2014","4,082.56","4,073.47","4,082.97","4,054.61","583.99M","0.74%"
"08/17/2014","4,052.75","4,007.19","4,060.90","4,003.46","637.77M","1.64%"
"08/10/2014","3,987.51","3,899.98","3,997.08","3,887.58","690.79M","2.56%"
"08/03/2014","3,888.09","3,890.63","3,922.25","3,845.20","802.44M","0.22%"
"07/27/2014","3,879.67","3,966.31","3,989.00","3,855.35","853.07M","-2.16%"
"07/20/2014","3,965.16","3,933.11","3,997.50","3,917.74","806.92M","0.64%"
"07/13/2014","3,939.89","3,923.60","3,947.49","3,866.22","900.54M","0.90%"
"07/06/2014","3,904.58","3,917.89","3,923.92","3,837.16","710.49M","-0.47%"
"06/29/2014","3,923.01","3,844.45","3,923.15","3,841.70","514.26M","2.04%"
"06/22/2014","3,844.44","3,802.25","3,844.89","3,791.12","817.58M","1.10%"
"06/15/2014","3,802.64","3,768.37","3,811.24","3,761.42","946.60M","0.72%"
"06/08/2014","3,775.56","3,795.85","3,804.04","3,751.69","741.19M","-0.50%"
"06/01/2014","3,794.57","3,740.71","3,795.14","3,707.89","670.37M","1.55%"
"05/25/2014","3,736.82","3,693.18","3,741.57","3,691.09","588.46M","1.62%"
"05/18/2014","3,677.33","3,577.85","3,678.16","3,572.28","703.08M","2.51%"
"05/11/2014","3,587.20","3,574.24","3,625.77","3,542.63","852.52M","0.89%"
"05/04/2014","3,555.70","3,566.26","3,605.26","3,506.35","864.13M","-0.89%"
"04/27/2014","3,587.64","3,546.96","3,613.03","3,489.60","882.03M","1.54%"
"04/20/2014","3,533.09","3,543.65","3,613.20","3,525.59","853.42M","-0.04%"
"04/13/2014","3,534.53","3,479.66","3,551.02","3,414.11","770.66M","2.54%"
"04/06/2014","3,446.84","3,522.21","3,602.35","3,440.55","1.14B","-2.61%"
"03/30/2014","3,539.38","3,598.08","3,676.36","3,532.28","945.89M","-0.90%"
"03/23/2014","3,571.49","3,665.38","3,665.58","3,543.07","967.47M","-2.23%"
"03/16/2014","3,653.07","3,653.19","3,717.36","3,643.35","1.07B","0.69%"
"03/09/2014","3,627.87","3,702.14","3,725.71","3,626.86","814.78M","-2.04%"
"03/02/2014","3,703.40","3,657.32","3,738.32","3,637.66","774.41M","0.20%"
"02/23/2014","3,696.10","3,670.07","3,722.38","3,663.75","857.29M","0.91%"
"02/16/2014","3,662.60","3,668.99","3,687.16","3,640.63","724.22M","-0.03%"
"02/09/2014","3,663.88","3,558.59","3,671.04","3,557.78","890.13M","2.86%"
"02/02/2014","3,561.91","3,524.23","3,563.14","3,418.88","1.03B","1.14%"
"01/26/2014","3,521.92","3,543.50","3,548.48","3,461.64","1.07B","-0.55%"
"01/19/2014","3,541.48","3,611.62","3,634.65","3,541.38","776.50M","-1.39%"
"01/12/2014","3,591.25","3,559.39","3,615.70","3,499.37","990.22M","0.73%"
"01/05/2014","3,565.08","3,539.01","3,579.40","3,512.45","941.55M","0.74%"
"12/29/2013","3,538.73","3,570.86","3,592.00","3,537.61","471.89M","-0.99%"
"12/22/2013","3,574.02","3,563.19","3,591.31","3,552.30","372.85M","1.21%"
"12/15/2013","3,531.19","3,470.43","3,540.97","3,422.86","1.16B","2.16%"
"12/08/2013","3,456.40","3,515.67","3,524.01","3,449.74","798.68M","-1.37%"
"12/01/2013","3,504.26","3,496.19","3,511.10","3,453.22","815.99M","0.47%"
"11/24/2013","3,487.82","3,433.92","3,495.97","3,420.36","560.83M","1.92%"
"11/17/2013","3,422.02","3,423.47","3,429.20","3,359.31","771.92M","-0.02%"
"11/10/2013","3,422.58","3,359.83","3,422.58","3,346.41","833.17M","1.66%"
"11/03/2013","3,366.84","3,388.70","3,401.27","3,318.39","806.68M","-0.38%"
"10/27/2013","3,379.76","3,382.18","3,408.28","3,364.65","944.81M","-0.12%"
"10/20/2013","3,383.83","3,361.76","3,400.04","3,330.20","858.03M","0.89%"
"10/13/2013","3,353.88","3,213.38","3,355.63","3,212.05","830.84M","3.71%"
"10/06/2013","3,233.83","3,215.76","3,240.11","3,117.69","855.04M","-0.27%"
"09/29/2013","3,242.57","3,190.40","3,256.71","3,186.86","748.81M","0.38%"
"09/22/2013","3,230.30","3,242.32","3,243.43","3,202.75","757.41M","0.17%"
"09/15/2013","3,224.73","3,203.19","3,248.52","3,163.13","967.80M","1.46%"
"09/08/2013","3,178.28","3,146.02","3,189.24","3,146.02","685.45M","1.43%"
"09/01/2013","3,133.38","3,097.65","3,148.99","3,077.13","641.07M","1.94%"
"08/25/2013","3,073.81","3,127.01","3,147.87","3,053.26","698.81M","-1.62%"
"08/18/2013","3,124.27","3,074.38","3,127.05","3,061.42","651.02M","1.64%"
"08/11/2013","3,073.91","3,107.06","3,149.24","3,068.07","719.05M","-1.43%"
"08/04/2013","3,118.57","3,136.77","3,145.25","3,096.41","650.61M","-0.79%"
"07/28/2013","3,143.52","3,067.48","3,143.52","3,062.91","802.94M","2.19%"
"07/21/2013","3,076.23","3,061.50","3,076.23","3,029.07","914.95M","1.03%"
"07/14/2013","3,044.93","3,077.02","3,091.21","3,035.99","842.37M","-1.11%"
"07/07/2013","3,079.07","2,976.61","3,079.07","2,955.37","892.94M","3.91%"
"06/30/2013","2,963.22","2,933.48","2,963.82","2,913.48","492.85M","1.84%"
"06/23/2013","2,909.60","2,852.65","2,927.49","2,825.18","1.02B","1.10%"
"06/16/2013","2,877.94","2,967.33","3,001.89","2,853.69","1.19B","-2.24%"
"06/09/2013","2,943.86","2,995.03","3,004.67","2,914.20","709.46M","-1.57%"
"06/02/2013","2,990.87","2,984.59","3,007.30","2,911.94","943.09M","0.31%"
"05/26/2013","2,981.76","3,024.38","3,037.00","2,979.90","705.21M","-0.31%"
"05/19/2013","2,991.02","3,019.28","3,053.51","2,965.30","863.74M","-1.25%"
"05/12/2013","3,028.96","2,972.96","3,028.96","2,971.73","882.75M","1.61%"
"05/05/2013","2,981.02","2,948.90","2,981.02","2,942.25","725.00M","1.24%"
"04/28/2013","2,944.59","2,849.54","2,952.22","2,849.04","859.15M","3.66%"
"04/21/2013","2,840.55","2,791.77","2,860.69","2,780.82","922.55M","2.16%"
"04/14/2013","2,780.46","2,841.26","2,849.16","2,730.97","1.02B","-2.66%"
"04/07/2013","2,856.48","2,772.30","2,863.66","2,764.34","815.27M","3.06%"
"03/31/2013","2,771.75","2,819.78","2,828.64","2,744.26","773.76M","-1.67%"
"03/24/2013","2,818.69","2,810.75","2,820.67","2,778.78","584.92M","0.64%"
"03/17/2013","2,800.81","2,771.53","2,811.48","2,763.12","752.01M","0.05%"
"03/10/2013","2,799.41","2,798.13","2,812.29","2,787.72","929.41M","-0.17%"
"03/03/2013","2,804.11","2,738.21","2,812.73","2,734.92","772.43M","2.05%"
"02/24/2013","2,747.75","2,756.19","2,763.96","2,689.83","910.43M","0.38%"
"02/17/2013","2,737.28","2,770.70","2,782.86","2,700.32","672.99M","-0.99%"
"02/10/2013","2,764.67","2,774.44","2,783.19","2,756.43","859.87M","-0.39%"
"02/03/2013","2,775.56","2,749.40","2,780.13","2,715.51","955.88M","0.42%"
"01/27/2013","2,763.96","2,737.62","2,768.63","2,722.52","895.37M","0.99%"
"01/20/2013","2,736.73","2,744.27","2,769.31","2,719.83","672.56M","-0.24%"
"01/13/2013","2,743.24","2,733.46","2,756.68","2,710.80","953.57M","-0.18%"
"01/06/2013","2,748.26","2,713.44","2,749.36","2,703.75","753.10M","0.87%"
"12/30/2012","2,724.49","2,600.92","2,750.82","2,598.57","656.39M","4.53%"
"12/23/2012","2,606.36","2,658.65","2,663.56","2,599.63","405.35M","-2.19%"
"12/16/2012","2,664.67","2,629.76","2,713.39","2,627.37","1.23B","1.39%"
"12/09/2012","2,628.09","2,634.54","2,696.90","2,620.08","870.99M","-0.47%"
"12/02/2012","2,640.54","2,697.44","2,699.04","2,623.63","847.87M","-1.39%"
"11/25/2012","2,677.88","2,634.43","2,688.95","2,613.22","940.39M","1.45%"
"11/18/2012","2,639.59","2,564.23","2,640.39","2,562.52","576.65M","4.16%"
"11/11/2012","2,534.16","2,596.57","2,600.65","2,494.38","1.05B","-1.93%"
"11/04/2012","2,584.10","2,657.73","2,696.46","2,571.86","892.34M","-2.72%"
"10/28/2012","2,656.28","2,663.56","2,701.91","2,639.63","555.04M","-0.36%"
"10/21/2012","2,665.83","2,678.89","2,699.08","2,636.83","932.36M","-0.47%"
"10/14/2012","2,678.32","2,729.20","2,784.81","2,675.57","971.58M","-1.54%"
"10/07/2012","2,720.14","2,797.33","2,801.85","2,714.17","761.57M","-3.26%"
"09/30/2012","2,811.94","2,811.45","2,845.97","2,779.01","789.18M","0.46%"
"09/23/2012","2,799.19","2,836.35","2,858.68","2,768.58","924.23M","-2.18%"
"09/16/2012","2,861.64","2,857.52","2,878.38","2,842.59","1.09B","0.22%"
"09/09/2012","2,855.23","2,821.03","2,865.37","2,775.40","837.65M","1.07%"
"09/02/2012","2,825.11","2,766.93","2,829.95","2,744.29","639.01M","1.91%"
"08/26/2012","2,772.24","2,792.00","2,794.27","2,746.68","662.99M","-0.21%"
"08/19/2012","2,778.05","2,777.71","2,802.91","2,750.64","751.47M","-0.08%"
"08/12/2012","2,780.30","2,721.49","2,780.77","2,708.38","840.38M","2.11%"
"08/05/2012","2,722.96","2,686.38","2,727.31","2,681.72","849.36M","1.75%"
"07/29/2012","2,676.00","2,649.78","2,684.58","2,606.54","873.93M","1.09%"
"07/22/2012","2,647.03","2,575.29","2,649.98","2,535.04","1.03B","1.11%"
"07/15/2012","2,618.04","2,579.96","2,663.12","2,554.34","930.78M","1.28%"
"07/08/2012","2,584.97","2,610.38","2,630.03","2,522.89","847.86M","-1.05%"
"07/01/2012","2,612.29","2,616.52","2,660.26","2,596.10","578.11M","-0.13%"
"06/24/2012","2,615.72","2,562.98","2,615.82","2,510.37","974.87M","1.17%"
"06/17/2012","2,585.53","2,570.98","2,633.21","2,554.65","958.63M","0.56%"
"06/10/2012","2,571.23","2,578.73","2,579.23","2,510.75","995.06M","0.47%"
"06/03/2012","2,559.21","2,458.97","2,570.48","2,443.92","873.46M","4.08%"
"05/27/2012","2,458.83","2,542.66","2,570.79","2,458.73","852.76M","-2.70%"
"05/20/2012","2,527.05","2,482.31","2,562.48","2,478.36","974.17M","1.96%"
"05/13/2012","2,478.53","2,593.75","2,617.23","2,474.70","1.12B","-5.25%"
"05/06/2012","2,615.98","2,622.67","2,651.74","2,587.53","1.05B","-0.83%"
"04/29/2012","2,637.92","2,731.26","2,756.81","2,637.73","902.82M","-3.77%"
"04/22/2012","2,741.34","2,651.13","2,750.50","2,628.96","943.96M","2.44%"
"04/15/2012","2,676.04","2,713.89","2,738.59","2,660.96","1.02B","-0.85%"
"04/08/2012","2,698.99","2,726.08","2,751.44","2,688.21","875.16M","-2.30%"
"04/01/2012","2,762.50","2,752.25","2,795.35","2,729.21","807.55M","0.26%"
"03/25/2012","2,755.27","2,746.98","2,794.00","2,741.32","915.77M","0.98%"
"03/18/2012","2,728.55","2,716.98","2,752.46","2,710.63","803.33M","0.58%"
"03/11/2012","2,712.78","2,646.98","2,720.49","2,635.76","1.04B","2.49%"
"03/04/2012","2,646.85","2,636.60","2,651.98","2,575.13","869.33M","0.20%"
"02/26/2012","2,641.58","2,589.44","2,650.00","2,579.63","1.00B","1.43%"
"02/19/2012","2,604.21","2,589.21","2,609.45","2,570.07","690.28M","0.77%"
"02/12/2012","2,584.24","2,564.93","2,600.96","2,551.35","1.01B","1.45%"
"02/05/2012","2,547.32","2,519.33","2,567.28","2,513.51","914.14M","0.72%"
"01/29/2012","2,529.17","2,438.52","2,532.26","2,433.63","1.00B","2.74%"
"01/22/2012","2,461.77","2,437.06","2,479.31","2,423.24","1.01B","1.02%"
"01/15/2012","2,437.02","2,396.14","2,445.59","2,385.79","956.94M","2.74%"
"01/08/2012","2,371.98","2,362.53","2,384.26","2,342.34","924.78M","0.67%"
"01/01/2012","2,356.17","2,323.16","2,362.58","2,307.56","774.59M","3.44%"
"12/25/2011","2,277.83","2,284.29","2,301.30","2,262.22","372.22M","-0.43%"
"12/18/2011","2,287.57","2,244.37","2,287.96","2,209.57","857.30M","2.21%"
"12/11/2011","2,238.18","2,295.43","2,316.90","2,219.68","1.24B","-3.47%"
"12/04/2011","2,318.68","2,336.55","2,343.10","2,278.42","898.20M","0.72%"
"11/27/2011","2,302.04","2,207.68","2,331.12","2,205.77","1.01B","7.03%"
"11/20/2011","2,150.88","2,219.88","2,225.54","2,150.71","737.79M","-4.57%"
"11/13/2011","2,253.95","2,350.91","2,375.10","2,250.94","1.10B","-4.32%"
"11/06/2011","2,355.78","2,353.82","2,402.51","2,290.53","1.08B","-0.02%"
"10/30/2011","2,356.32","2,376.99","2,389.29","2,287.74","1.17B","-1.87%"
"10/23/2011","2,401.29","2,341.71","2,412.52","2,291.78","1.20B","2.80%"
"10/16/2011","2,335.93","2,359.53","2,375.26","2,274.49","1.19B","-1.52%"
"10/09/2011","2,371.94","2,241.17","2,371.94","2,237.48","966.41M","7.68%"
"10/02/2011","2,202.76","2,128.02","2,227.38","2,042.90","1.45B","2.97%"
"09/25/2011","2,139.18","2,216.66","2,290.71","2,139.17","1.31B","-3.07%"
"09/18/2011","2,206.86","2,277.64","2,337.70","2,151.48","1.38B","-4.30%"
"09/11/2011","2,306.09","2,145.78","2,308.96","2,139.58","1.51B","6.58%"
"09/04/2011","2,163.66","2,116.48","2,244.51","2,112.84","988.40M","-0.19%"
"08/28/2011","2,167.83","2,188.67","2,268.07","2,156.99","1.04B","0.27%"
"08/21/2011","2,161.97","2,084.27","2,169.41","2,038.14","1.17B","6.07%"
"08/14/2011","2,038.22","2,189.49","2,214.26","2,035.30","1.36B","-6.59%"
"08/07/2011","2,182.05","2,127.87","2,195.25","2,034.92","2.13B","-0.56%"
"07/31/2011","2,194.38","2,391.42","2,396.50","2,131.52","1.62B","-7.13%"
"07/24/2011","2,362.81","2,408.65","2,438.44","2,341.82","1.14B","-2.75%"
"07/17/2011","2,429.50","2,346.53","2,432.84","2,322.62","1.08B","3.09%"
"07/10/2011","2,356.67","2,380.56","2,392.09","2,318.20","1.13B","-2.05%"
"07/03/2011","2,405.89","2,363.08","2,418.99","2,357.31","728.71M","1.88%"
"06/26/2011","2,361.39","2,217.63","2,363.36","2,215.14","984.63M","6.51%"
"06/19/2011","2,217.06","2,187.21","2,256.70","2,186.77","1.25B","1.10%"
"06/12/2011","2,192.96","2,225.21","2,256.46","2,180.94","1.32B","-1.27%"
"06/05/2011","2,221.09","2,288.61","2,299.40","2,220.83","1.10B","-3.11%"
"05/29/2011","2,292.31","2,359.05","2,373.82","2,289.41","987.61M","-1.87%"
"05/22/2011","2,336.09","2,318.16","2,339.10","2,298.72","999.39M","-0.65%"
"05/15/2011","2,351.43","2,368.47","2,375.36","2,320.33","1.20B","-1.17%"
"05/08/2011","2,379.24","2,384.20","2,415.90","2,372.19","1.24B","-0.17%"
"05/01/2011","2,383.18","2,410.24","2,417.83","2,366.73","1.21B","-0.87%"
"04/24/2011","2,404.08","2,377.91","2,415.85","2,375.12","1.48B","1.13%"
"04/17/2011","2,377.30","2,281.92","2,381.20","2,254.88","858.75M","3.02%"
"04/10/2011","2,307.58","2,330.26","2,333.98","2,288.68","960.61M","-0.59%"
"04/03/2011","2,321.18","2,347.71","2,352.25","2,313.33","975.20M","-0.93%"
"03/27/2011","2,342.92","2,325.13","2,359.16","2,291.78","971.99M","1.15%"
"03/20/2011","2,316.36","2,250.89","2,331.63","2,234.94","940.93M","4.29%"
"03/13/2011","2,221.07","2,286.77","2,302.92","2,188.92","1.42B","-3.40%"
"03/06/2011","2,299.26","2,367.92","2,370.91","2,275.07","1.10B","-2.57%"
"02/27/2011","2,359.96","2,354.87","2,375.67","2,308.05","1.09B","0.58%"
"02/20/2011","2,346.29","2,353.81","2,366.43","2,284.65","954.34M","-1.93%"
"02/13/2011","2,392.47","2,379.52","2,403.52","2,371.19","1.12B","0.56%"
"02/06/2011","2,379.15","2,340.44","2,381.40","2,338.87","1.13B","1.75%"